{
    "gleak": 8.682446287579241,
    "gklt": 38.79815173439477,
    "gh": 6.243013902089259,
    "erev": -75.4056576095101,
    "gkht": 20.0,
    "gna": 20.0,
    "gka": 5.0,
    "rin_exp_mohm": 162.77998716925543,
    "rin_sim_mohm": 168.95652398415007,
    "rmse_fit_mV": 0.4098265686740125,
    "r2_fit": 0.9988713138997086,
    "rmse_all_mV": 0.4098265686740125,
    "r2_all": 0.9988713138997086
}