{
    "gleak": 6.809232292860866,
    "gklt": 14.70030377153061,
    "gh": 11.99920433765143,
    "erev": -73.56985327480504,
    "gkht": 20.0,
    "gna": 5.0,
    "gka": 5.0,
    "rin_exp_mohm": 173.71382822120037,
    "rin_sim_mohm": 185.8418330930447,
    "rmse_fit_mV": 0.29010873958369604,
    "r2_fit": 0.9992875691406453,
    "rmse_all_mV": 0.9245911406015016,
    "r2_all": 0.9959067865823454
}