{
    "gleak": 2.5020936505617084,
    "gklt": 9.928300204200738,
    "gh": 23.755934609296382,
    "erev": -70.0,
    "gkht": 5.0,
    "gna": 20.0,
    "gka": 5.0,
    "rin_exp_mohm": 201.943967776616,
    "rin_sim_mohm": 228.4730599761454,
    "rmse_fit_mV": 0.5590222088552481,
    "r2_fit": 0.9970192036322373,
    "rmse_all_mV": 4.763390661394781,
    "r2_all": 0.8630540391591641
}