{
    "gleak": 2.8077489687037542,
    "gklt": 21.400443827255064,
    "gh": 26.404036970524928,
    "erev": -70.0,
    "gkht": 20.0,
    "gna": 5.0,
    "gka": 5.0,
    "rin_exp_mohm": 142.29948785240833,
    "rin_sim_mohm": 159.90021964873551,
    "rmse_fit_mV": 0.6435436744023995,
    "r2_fit": 0.9950779166452729,
    "rmse_all_mV": 0.8315305521775139,
    "r2_all": 0.9945709063456991
}