gleak,gklt,gh,erev,gka,gna,gkht,stim_amp
13.661590702418122,8.253727499991976,8.36833799531252,-73.03094829789107,56.75272879493946,454.9079091234326,386.16556792375127,0.10484277068202123
