{
    "gleak": 9.530609590835386,
    "gklt": 32.52226516482043,
    "gh": 5.5943993101351985,
    "erev": -75.04202266709855,
    "gkht": 10.072764989853631,
    "gna": 5.0,
    "gka": 5.0,
    "rin_exp_mohm": 162.77998716925543,
    "rin_sim_mohm": 166.27593885348634,
    "rmse_fit_mV": 0.12984839977869253,
    "r2_fit": 0.9998311135450941,
    "rmse_all_mV": 0.45150876780717536,
    "r2_all": 0.9986300480543324
}