{
    "gleak": 2.0,
    "gklt": 14.611274248076285,
    "gh": 13.453382950553584,
    "erev": -70.0,
    "gkht": 5.0,
    "gna": 5.0,
    "gka": 5.0,
    "rin_exp_mohm": 358.8154447708436,
    "rin_sim_mohm": 257.41734150592896,
    "rmse_fit_mV": 1.9102309692337802,
    "r2_fit": 0.9663121297766242,
    "rmse_all_mV": 1.7475908344906539,
    "r2_all": 0.9875058700558724
}