{
    "gleak": 8.848318180166975,
    "gklt": 1.225688888744314,
    "gh": 2.1821114614285273,
    "erev": -70.1698274797966,
    "gkht": 9.659001178652712,
    "gna": 5.0,
    "gka": 5.0,
    "rin_exp_mohm": 283.4026322276747,
    "rin_sim_mohm": 266.22524485024826,
    "rmse_fit_mV": 0.4052745487184367,
    "r2_fit": 0.9986148054327868,
    "rmse_all_mV": 21.43183952130993,
    "r2_all": -1.0864796356074082
}