gleak,gklt,gh,erev,gna,gkht,gka,stim_amp,cam,kam,cbm,kbm
4.720961596893943,30.98817438147561,13.194832242521812,-70.0,222.5531339821892,232.73881368231187,104.11677532944645,0.13202861172501537,79.96561524420433,0.036620648428253716,7.033016762896742,-0.03915743669608607
