gleak,gklt,gh,erev,gna,gkht,gka,cam,kam,cbm,kbm,cah,kah,cbh,kbh,can,kan,cbn,kbn,cap,kap,cbp,kbp,stim_amp
4.720961596893943,22.77154458515545,13.205695680548597,-80.0,324.2961194918262,111.39286178699662,9.999685330835662e-07,76.3934415388091,0.03700130285386957,6.930364205942112,-0.04300250614107762,0.0005329857049734776,-0.09089252987809668,0.7869371506582665,0.0691015887461677,0.27192120198808545,0.040000681012930785,0.1974145095575209,0.0,0.007130029099558766,-0.1942078424334837,0.09350570709397431,0.005799875946993614,0.156857700150545
