gleak,gklt,gh,erev,gna,gkht,gka,stim_amp,cam,kam,cbm,kbm
10.350822537450837,6.863651155051251,19.255171011143265,-70.0,179.18544894480945,199.73965299037314,22.17852697241175,0.18152757464698696,93.67267414108719,0.04525350373230912,6.666606011623941,-0.041577311435097894
