gleak,gklt,gh,erev,gna,gkht,gka,cam,kam,cbm,kbm,cah,kah,cbh,kbh,can,kan,cbn,kbn,cap,kap,cbp,kbp,stim_amp
6.982239119258955,12.428141252366196,4.684156010372485,-76.66959207008325,204.12957721499728,36.184400228111244,10.112023516334329,76.39701482916813,0.03700035063988533,6.931180695494329,-0.04300166645104289,0.0005330058822052647,-0.09089408667725442,0.7869747751038344,0.06909740075433944,0.2719050934367397,0.03999784864752037,0.19738501210274664,0.0,0.007129881612380102,-0.19419866491660837,0.09350096229061405,0.005799638158639586,0.19480148002696332
