gleak,gklt,gh,erev,gna,gkht,gka,stim_amp,cam,kam,cbm,kbm
9.530609590835386,32.50969880614634,5.593153658131812,-75.04202266709855,267.48709114453834,238.364585195973,25.47256039614842,0.13393346488664834,76.77239078285282,0.034642702581236876,6.530068777323832,-0.03973338107153484
