gleak,gklt,gh,erev,gna,gkht,gka,stim_amp,cam,kam,cbm,kbm
8.848318180166975,14.58415864522538,2.1933688423454947,-70.1698274797966,231.08951181274838,147.69240601314843,161.8148307551023,0.05999187243853235,96.95841645146476,0.033343427202162566,8.690917665466694,-0.040315917409330944
