gleak,gklt,gh,erev,gna,gkht,gka,stim_amp,cam,kam,cbm,kbm
4.720961596893943,26.569833917202946,13.196395515851268,-80.0,287.9110708292342,138.23718489960802,91.9857307792117,0.17793352736016693,76.01034393569734,0.03373545608484585,6.228175148423581,-0.04681187806192723
