gleak,gklt,gh,erev,gna,gkht,gka,stim_amp,cam,kam,cbm,kbm
4.436706063924191,29.97218248665399,17.709086396550127,-81.81101433753847,246.62515528652955,5.129545971448648,172.18190262257122,0.11995505127006978,62.36944821124166,0.033612983329234,5.565742379983353,-0.04088730891695848
