gleak,gklt,gh,erev,gna,gkht,gka,stim_amp,cam,kam,cbm,kbm
8.963913441088938,50.09237525562989,5.299117087533417,-74.81876316132356,150.6887725551529,100.6207084516388,114.5378723503047,0.17975232689133136,111.258730693297,0.03770441879765714,3.892208217825378,-0.04962248439667467
