gleak,gklt,gh,erev,gna,gkht,gka,stim_amp
4.720961596893943,18.429748630543642,13.209814704131302,-80.0,224.63516425554718,178.86212324473215,39.98733111831972,0.2098505411240743
