gleak,gklt,gh,erev,gna,gkht,gka,stim_amp,cam,kam,cbm,kbm
8.963913441088938,46.38215202255682,8.24162035590162,-74.81876316132356,227.61919460393955,135.76776166039124,156.88456458064118,0.1641069620384376,73.00742671768741,0.022709925666607525,4.658921977180534,-0.05300467040348466
