{
    "gleak": 14.30148386452936,
    "gklt": 2.4473403128355873,
    "gh": 7.608215875634056,
    "erev": -72.91261279014654,
    "gkht": 5.0,
    "gna": 20.0,
    "gka": 20.0,
    "rin_exp_mohm": 155.91246253428326,
    "rin_sim_mohm": 147.8395651698334,
    "rmse_fit_mV": 0.23960316139750282,
    "r2_fit": 0.9992332626994378,
    "rmse_all_mV": 10.293316986635949,
    "r2_all": 0.1190652372522788
}