{
    "gleak": 8.558506262685574,
    "gklt": 10.802080303270182,
    "gh": 20.744307925612347,
    "erev": -70.0,
    "gkht": 5.0,
    "gna": 9.489836915409828,
    "gka": 5.0,
    "rin_exp_mohm": 142.29948785240833,
    "rin_sim_mohm": 154.12083658040865,
    "rmse_fit_mV": 0.3610635410089559,
    "r2_fit": 0.998201767400619,
    "rmse_all_mV": 3.6771515374981982,
    "r2_all": 0.8938319189930799
}