{
    "gleak": 9.952419997206796,
    "gklt": 30.98966139241318,
    "gh": 5.319486241726792,
    "erev": -74.97126987401103,
    "gkht": 5.0,
    "gna": 5.0,
    "gka": 5.0,
    "rin_exp_mohm": 162.77998716925543,
    "rin_sim_mohm": 165.35449660786512,
    "rmse_fit_mV": 0.12437676082576535,
    "r2_fit": 0.9998315198349381,
    "rmse_all_mV": 0.5387989815433525,
    "r2_all": 0.9980491382700244
}