{
    "gleak": 2.0,
    "gklt": 10.30588085629152,
    "gh": 24.24219049330842,
    "erev": -70.0,
    "gkht": 9.2905045514779,
    "gna": 5.0,
    "gka": 5.0,
    "rin_exp_mohm": 201.943967776616,
    "rin_sim_mohm": 228.0886552926456,
    "rmse_fit_mV": 1.00533400574995,
    "r2_fit": 0.9923589558931143,
    "rmse_all_mV": 4.016592194254642,
    "r2_all": 0.9026284001848037
}