{
    "gleak": 3.5988662833196012,
    "gklt": 14.57194985042354,
    "gh": 6.28450814368477,
    "erev": -70.0,
    "gkht": 5.0,
    "gna": 5.0,
    "gka": 5.0,
    "rin_exp_mohm": 283.4026322276747,
    "rin_sim_mohm": 291.6725142310302,
    "rmse_fit_mV": 1.4223044427121445,
    "r2_fit": 0.98866150374889,
    "rmse_all_mV": 2.871341795187572,
    "r2_all": 0.962548860338815
}