gleak,gklt,gh,erev,gna,gkht,gka,cam,kam,cbm,kbm,cah,kah,cbh,kbh,can,kan,cbn,kbn,cap,kap,cbp,kbp,stim_amp
6.823670232865332,4.548147311663801,8.853800104653821,-80.0,165.85699687685948,104.82986456015944,535.8239874035087,78.59729449617674,0.03529893199779165,7.338071372625516,-0.04215791841097048,0.0005367167510032739,-0.08433907582528231,0.7721279017896641,0.07554308715107932,0.2804885573837997,0.04296520910276157,0.20548993634443868,0.0,0.007502423720735846,-0.20053745787931293,0.09387494252243332,0.006024747235998233,0.10946858955469375
