gleak,gklt,gh,erev,gna,gkht,cam,kam,cbm,kbm,cah,kah,cbh,kbh,can,kan,cbn,kbn,cap,kap,cbp,kbp,stim_amp
12.48501535766728,7.231540037617208,9.413217530380406,-72.90691187820558,259.61776980550434,149.18923926956737,119.45888584963485,0.02013147814575647,0.8703257913639305,-0.029103936834364505,0.0002665,-0.04545,1.0475024945813232,0.03455,0.2521833179929704,0.027999999999999997,0.16511782717459839,0.0,0.009269000000000001,-0.1820390115769066,0.07801035507023432,0.005771236130599561,0.04227542661261942
