gleak,gklt,gh,erev,gna,gkht,cam,kam,cbm,kbm,cah,kah,cbh,kbh,can,kan,cbn,kbn,cap,kap,cbp,kbp,stim_amp
9.687557150595373,68.80545503603494,6.1285577357556535,-80.43812352502219,163.71270451376736,958.5961531230771,118.32420601911932,0.04452511393221095,0.9363367644065044,-0.06449998714408155,0.00028269240802713874,-0.079292168333019,1.0945636084326031,0.06029963453341582,0.2657779947597214,0.036788480415423465,0.21178298497090678,0.0,0.009269000000000001,-0.16524577562624052,0.06763358005805373,0.00754,0.3134780801689496
