gleak,gklt,gh,erev,gna,gkht,cam,kam,cbm,kbm,cah,kah,cbh,kbh,can,kan,cbn,kbn,cap,kap,cbp,kbp,stim_amp
6.141927482909054,0.0,1.451676411863789,-70.7892523926523,506.8886066295872,562.1298166737504,79.54582859215633,0.029016135080566708,9.459130194894229,-0.059512841194847774,0.00043608932599493137,-0.047798563983066485,0.8836072328447192,0.03572951909328185,0.1731060526935093,0.04737457686759736,0.28913309127835546,0.0,0.0042782830330391946,-0.09837892223953107,0.12880946897676707,0.0038642938020943107,0.15427028334672926
