gleak,gklt,gh,erev,gna,gkht,gka,cam,kam,cbm,kbm,cah,kah,cbh,kbh,can,kan,cbn,kbn,cap,kap,cbp,kbp,stim_amp
8.658940184281148,5.612008081838325,4.785685326247076,-73.03517159393272,156.05488060800042,11.472169957332587,113.23412693188777,83.72021185926342,0.0336582770551204,6.403708363474186,-0.04315171992887277,0.000583191021574754,-0.09459330547844481,0.8122738910441173,0.06543194414861966,0.2549071901592272,0.03987234223835174,0.2056485322173588,0.0,0.006471610415399378,-0.19443517572504723,0.09524830365652039,0.005614782886079,0.1427717350836672
