gleak,gklt,gh,erev,gna,gkht,gka,cam,kam,cbm,kbm,cah,kah,cbh,kbh,can,kan,cbn,kbn,cap,kap,cbp,kbp,stim_amp
11.54132776923878,9.26233460508101,9.763222978750168,-73.03094829789107,204.93478262142418,97.53184368322256,57.045007434563814,82.36153200800119,0.05090783297417258,1.220121516552241,-0.06176559550761462,0.0005239913420969603,-0.06800784943092329,0.4595163707206344,0.08107978441194752,0.21726296922396104,0.03165831063064725,0.14899013615249582,0.0,0.007755825704291094,-0.16595082662806238,0.11987833539426786,0.006779548430618792,0.1430159669953903
