gleak,gklt,gh,erev,gna,gkht,gka,cam,kam,cbm,kbm,cah,kah,cbh,kbh,can,kan,cbn,kbn,cap,kap,cbp,kbp,stim_amp
6.982239119258955,9.429439194498677,4.687845936223268,-76.66959207008325,182.78006437214466,160.21682329661795,10.338997950983524,76.39576308822426,0.0370037,6.931411708065066,-0.043004299999999995,0.0005330533,-0.09090909,0.7869994383673501,0.06910691,0.27192719,0.040004,0.19741973999999998,0.0,0.007130713,-0.19421267363213593,0.09349638004779001,0.00580058,0.1998
