gleak,gklt,gh,erev,gna,gkht,cam,kam,cbm,kbm,cah,kah,cbh,kbh,can,kan,cbn,kbn,cap,kap,cbp,kbp,stim_amp
5.0,6.6575776759696605,56.88520498678275,-70.0,432.03938893354746,467.493145576776,58.28693528922658,0.054850919329541,1.311445352857063,-0.06401863165958423,0.0003461863105251387,-0.05668732163911021,1.0002112456783439,0.07782740071212776,0.3245780613851457,0.047025062678672166,0.29299615025587067,0.0,0.010614371320121356,-0.12624287086649283,0.09289577866623812,0.0059104269503112645,0.09112287080442956
