gleak,gklt,gh,erev,gna,gkht,cam,kam,cbm,kbm,cah,kah,cbh,kbh,can,kan,cbn,kbn,cap,kap,cbp,kbp,stim_amp
12.008003171703875,3.060880214385438,25.383596783483792,-63.933503934086055,511.0591460058039,520.9437695813946,78.61760650666298,0.05206270252104814,1.4253706251071612,-0.06335876723969053,0.0007643856653921101,-0.06278685944866223,0.8646851136766577,0.045251177067882856,0.2007770180009861,0.03319891751920615,0.26749556180108364,0.0,0.007203820973170989,-0.15051352078692204,0.12096695943627185,0.003344428159458036,0.09649750950175874
