gleak,gklt,gh,erev,gna,gkht,cam,kam,cbm,kbm,cah,kah,cbh,kbh,can,kan,cbn,kbn,cap,kap,cbp,kbp,stim_amp
6.665218505575767,54.67177559602574,5.4703659975318795,-80.99824254747298,1197.1730895669605,1677.7979748932585,139.80448101950822,0.015378000868150393,81.71257551242641,-0.0292748773937804,0.002199360888112565,-0.056294372539481934,4.496723434864938,0.08047681426061146,0.11327710950622663,0.027211516731004373,0.1282405440314767,0.1413490297046755,0.005724719479781242,0.06561737582093903,0.09446289613351938,0.004971371437984952,0.2922489554834982
