gleak,gklt,gh,erev,gna,gkht,gka,cam,kam,cbm,kbm,cah,kah,cbh,kbh,can,kan,cbn,kbn,cap,kap,cbp,kbp,stim_amp
8.523303383472893,11.66400306885436,3.972371970117511,-76.74484548100307,260.96578822816576,26.15557960700812,50.74266346737807,76.39840162698968,0.03700113420234626,6.931514555361321,-0.042997445188080116,0.0005330266217867291,-0.09089911148713566,0.7870220688446984,0.06910621360781247,0.2719106524100691,0.040001746721167235,0.19739220563654442,0.0,0.0071301937681417064,-0.19419543901968092,0.0934982768829563,0.005799943296551833,0.10997359624794574
