gleak,gklt,gh,erev,gna,gkht,gka,cam,kam,cbm,kbm,cah,kah,cbh,kbh,can,kan,cbn,kbn,cap,kap,cbp,kbp,stim_amp
9.882678631907277,15.467448027678785,7.384270644471622,-72.82535985878165,138.91158997618595,117.63248287281667,166.3587366502952,83.07505089297673,0.03473129719902757,6.490003395304807,-0.038841099935484166,0.000489484910660446,-0.08457702570651396,0.767254312922674,0.0693508177884003,0.2963460110527707,0.04127391959007751,0.1917854855626985,0.0,0.0074184468599796625,-0.18800059909636493,0.10142394578017051,0.005248766463866893,0.21561821543266665
