gleak,gklt,gh,erev,gna,gkht,cam,kam,cbm,kbm,cah,kah,cbh,kbh,can,kan,cbn,kbn,cap,kap,cbp,kbp,stim_amp
12.008003171703875,3.378820607098566,5.124677408030258,-63.933503934086055,414.152324296707,308.5741854981066,56.17232775935223,0.054553904819488505,1.414982362085796,-0.06251095427694939,0.0007619982869483853,-0.06693326166547559,0.8382513132804766,0.05341458427879462,0.23120185072267688,0.04353757949906376,0.2613452945585965,0.0,0.007267254448695039,-0.22802163630006445,0.06529291028512982,0.003943207553537651,0.10256382026155551
