gleak,gklt,gh,erev,gna,gkht,gka,cam,kam,cbm,kbm,cah,kah,cbh,kbh,can,kan,cbn,kbn,cap,kap,cbp,kbp,stim_amp
5.0,19.93314468371202,14.230899728151359,-79.35129615588984,191.8932428067541,141.7029065344425,159.35607185462072,75.57507715620395,0.03330092181077481,7.622128005801424,-0.039902240227930534,0.00047970000000000006,-0.08181,0.865671738232255,0.06817488491449807,0.2447292659682261,0.036000000000000004,0.21706895915492705,0.0,0.007843000000000001,-0.21358549475002986,0.08416519461458044,0.006377250435858988,0.27499906052537637
