gleak,gklt,gh,erev,gna,gkht,cam,kam,cbm,kbm,cah,kah,cbh,kbh,can,kan,cbn,kbn,cap,kap,cbp,kbp,stim_amp
8.70404319540352,83.3346114592877,6.920058810132777,-80.82533476965634,574.3698646072888,682.1637023332689,83.57795309897223,0.04139375665697537,1.149757685234191,-0.06202127972907688,0.0007708151165393084,-0.047224359926246524,0.6346047981394468,0.0356000932149297,0.31913505047993174,0.05159613291418914,0.18722358879895976,0.0,0.008146946356150977,-0.22981527315768335,0.09232257747044896,0.006637945576016284,0.3192217831268171
