gleak,gklt,gh,erev,gna,gkht,gka,cam,kam,cbm,kbm,cah,kah,cbh,kbh,can,kan,cbn,kbn,cap,kap,cbp,kbp,stim_amp
12.124481101100676,6.543582158086144,8.689232764212548,-72.918528323766,272.1621215103413,499.6758115507739,55.82136314580929,84.83309492608349,0.05177261458822309,0.675121138953726,-0.06074690665968105,0.0007722180516282066,-0.05183692386576495,0.8702595204274785,0.0876603620460248,0.27416921579464865,0.04285060285031043,0.21359755319284326,0.0,0.008690561624954032,-0.2427152033052071,0.08162622322621713,0.004866181879556995,0.04722891620117035
