gleak,gklt,gh,erev,gna,gkht,gka,stim_amp,cam,kam,cbm,kbm
6.700941325979966,28.996270001090256,11.245134575781384,-76.09275042100727,233.1075763154664,134.94736565225787,97.57614996364508,0.18393352196198606,82.798221317468,0.03662438773496006,6.562161562152224,-0.04246083481074222
