{
    "gleak": 8.963913441088938,
    "gklt": 30.859171204786332,
    "gh": 6.923993611541098,
    "erev": -74.81876316132356,
    "gkht": 10.000995551947618,
    "gna": 20.0,
    "gka": 20.0,
    "rin_exp_mohm": 167.17836398545273,
    "rin_sim_mohm": 164.76683798037686,
    "rmse_fit_mV": 0.2020069342093012,
    "r2_fit": 0.999667402063627,
    "rmse_all_mV": 0.7179536626976326,
    "r2_all": 0.9967698139028772
}