{
    "gleak": 4.597525440239711,
    "gklt": 19.420547726202024,
    "gh": 13.39060184934634,
    "erev": -80.58846975132877,
    "gkht": 10.169512780991257,
    "gna": 5.0,
    "gka": 5.0,
    "rin_exp_mohm": 198.0176836139243,
    "rin_sim_mohm": 193.23385137529797,
    "rmse_fit_mV": 0.3104895562285525,
    "r2_fit": 0.9993424002724113,
    "rmse_all_mV": 0.2719166576748158,
    "r2_all": 0.999610057966481
}