Mid_Current_nA,InputResistance_GOhm
-0.095,
-0.08499999999999999,
-0.07500000000000001,
-0.065,
-0.055,
-0.045,
-0.035,
-0.025,
-0.015,
-0.005,
0.005,
0.015,
0.025,
0.035,
0.045,
0.055,
0.065,
0.07500000000000001,
0.08499999999999999,
0.095,
0.10500000000000001,
0.11499999999999999,
0.125,
0.135,
0.14500000000000002,
0.155,
0.165,
0.175,
0.185,
0.195,
0.20500000000000002,
0.215,
0.225,
0.235,
0.245,
0.255,
0.265,
0.275,
0.28500000000000003,
0.295,
0.305,
0.315,
0.325,
0.335,
0.345,
0.355,
0.365,
0.375,
0.385,
0.395,
0.405,
0.415,
0.425,
0.435,
0.445,
0.455,
0.46499999999999997,
0.475,
0.485,
