gleak,gklt,gh,gka,erev,gkht,gna,stim_amp
13.661590702418122,8.253727499991976,8.36833799531252,56.75272879493946,-73.03094829789107,386.16556792375127,454.9079091234326,0.1048427706820212
