{
    "gleak": 4.59944520513993,
    "gklt": 19.0074385236238,
    "gh": 13.531953653467955,
    "erev": -80.91069526747468,
    "gkht": 9.786722432044847,
    "gna": 5.0,
    "gka": 5.0,
    "rin_exp_mohm": 198.0176836139243,
    "rin_sim_mohm": 192.8818076760083,
    "rmse_fit_mV": 0.28650235712320504,
    "r2_fit": 0.9994132134102883,
    "rmse_all_mV": 0.29084687942708454,
    "r2_all": 0.9995538742999887
}