{
    "gleak": 8.42747203167722,
    "gklt": 12.71502193150795,
    "gh": 10.24690396648467,
    "erev": -72.61307339919519,
    "gkht": 5.0,
    "gna": 20.0,
    "gka": 20.0,
    "rin_exp_mohm": 173.71382822120037,
    "rin_sim_mohm": 180.01474006063907,
    "rmse_fit_mV": 0.4029335542298672,
    "r2_fit": 0.998767027976395,
    "rmse_all_mV": 0.39663510939649294,
    "r2_all": 0.9992467359470728
}