{
    "gleak": 4.6178688298102575,
    "gklt": 1.0,
    "gh": 10.380323368167993,
    "erev": -70.0,
    "gkht": 5.0,
    "gna": 20.0,
    "gka": 5.0,
    "rin_exp_mohm": 358.8154447708436,
    "rin_sim_mohm": 362.9771148541338,
    "rmse_fit_mV": 0.5720055998901957,
    "r2_fit": 0.9961488497842234,
    "rmse_all_mV": 44.65554693050163,
    "r2_all": -7.157880279763482
}