gleak,gna,gkht,gklt,gh,gka,erev,cam,kam,cbm,kbm
7.766000000000001,203.592,263.21,10.724,12.934000000000001,50.849999999999994,-70.616,83.25,0.036,7.422,-0.04
