{
    "gleak": 4.733848678023884,
    "gklt": 24.612979017049398,
    "gh": 11.836183154531552,
    "erev": -75.75935393641578,
    "gkht": 10.483024213730472,
    "gna": 9.172609392662642,
    "gka": 10.135087480752633,
    "rin_exp_mohm": 215.8376952399721,
    "rin_sim_mohm": 192.91576876780755,
    "rmse_fit_mV": 0.7750179407967805,
    "r2_fit": 0.9955171534774002,
    "rmse_all_mV": 1.047718913832076,
    "r2_all": 0.9938693930874996
}