{
    "gleak": 8.671721902540327,
    "gklt": 31.6368384180677,
    "gh": 7.1485737017998,
    "erev": -74.92749967425951,
    "gkht": 9.767085798871545,
    "gna": 20.0,
    "gka": 20.0,
    "rin_exp_mohm": 167.17836398545273,
    "rin_sim_mohm": 165.59661164539148,
    "rmse_fit_mV": 0.20139702867445067,
    "r2_fit": 0.9996535362081332,
    "rmse_all_mV": 0.7789512181858641,
    "r2_all": 0.9961976224741016
}