{
    "gleak": 9.871253391127913,
    "gklt": 3.7729945231853086,
    "gh": 10.0,
    "erev": -65.44935354351458,
    "gkht": 5.0,
    "gna": 20.0,
    "gka": 20.0,
    "rin_exp_mohm": 199.44115715497983,
    "rin_sim_mohm": 198.21375760319435,
    "rmse_mV": 0.14499376323075738,
    "r2_score": 0.999799026743544
}