{
    "gleak": 14.951553112097368,
    "gklt": 1.188900070136523,
    "gh": 6.9236398256519305,
    "erev": -72.75604131348665,
    "gkht": 5.0,
    "gna": 20.0,
    "gka": 20.0,
    "rin_exp_mohm": 155.91246253428326,
    "rin_sim_mohm": 146.48239823357497,
    "rmse_fit_mV": 0.2396522209253668,
    "r2_fit": 0.9993862183971662,
    "rmse_all_mV": 12.225194381815156,
    "r2_all": -0.24263791335147045
}