{
    "gleak": 4.741860941779463,
    "gklt": 24.78008031839626,
    "gh": 11.781935219593201,
    "erev": -75.65004627898703,
    "gkht": 9.199039596378467,
    "gna": 5.0,
    "gka": 6.005795176136935,
    "rin_exp_mohm": 215.8376952399721,
    "rin_sim_mohm": 192.91254423253616,
    "rmse_fit_mV": 0.7967827017108143,
    "r2_fit": 0.9950150776602174,
    "rmse_all_mV": 1.0961385493459557,
    "r2_all": 0.9932896556777117
}